<?xml version="1.0"?>
<Settings component="StartMenu" version="4.4.191">
	<HybridShutdown value="0"/>
	<StartScreenShortcut value="0"/>
	<CheckWinUpdates value="0"/>
	<EnableAccelerators value="0"/>
	<SkinW7 value="Immersive"/>
	<SkinVariationW7 value=""/>
	<SkinOptionsW7>
		<Line>USER_IMAGE=1</Line>
		<Line>SMALL_ICONS=0</Line>
		<Line>LARGE_FONT=0</Line>
		<Line>ICON_FRAMES=1</Line>
		<Line>OPAQUE=0</Line>
	</SkinOptionsW7>
	<SkipMetro value="1"/>
	<MenuItems7>
		<Line>Item1.Command=user_files</Line>
		<Line>Item1.Settings=NOEXPAND</Line>
		<Line>Item2.Command=user_documents</Line>
		<Line>Item2.Settings=NOEXPAND</Line>
		<Line>Item3.Command=user_pictures</Line>
		<Line>Item3.Settings=NOEXPAND</Line>
		<Line>Item4.Command=user_music</Line>
		<Line>Item4.Settings=NOEXPAND</Line>
		<Line>Item5.Command=user_videos</Line>
		<Line>Item5.Settings=ITEM_DISABLED</Line>
		<Line>Item6.Command=downloads</Line>
		<Line>Item6.Settings=ITEM_DISABLED</Line>
		<Line>Item7.Command=homegroup</Line>
		<Line>Item7.Settings=ITEM_DISABLED</Line>
		<Line>Item8.Command=separator</Line>
		<Line>Item9.Command=games</Line>
		<Line>Item9.Settings=TRACK_RECENT|NOEXPAND|ITEM_DISABLED</Line>
		<Line>Item10.Command=favorites</Line>
		<Line>Item10.Settings=ITEM_DISABLED</Line>
		<Line>Item11.Command=recent_documents</Line>
		<Line>Item12.Command=computer</Line>
		<Line>Item12.Settings=NOEXPAND</Line>
		<Line>Item13.Command=network</Line>
		<Line>Item13.Settings=ITEM_DISABLED</Line>
		<Line>Item14.Command=network_connections</Line>
		<Line>Item14.Settings=ITEM_DISABLED</Line>
		<Line>Item15.Command=separator</Line>
		<Line>Item16.Command=pc_settings</Line>
		<Line>Item16.Settings=TRACK_RECENT</Line>
		<Line>Item17.Command=control_panel</Line>
		<Line>Item17.Settings=TRACK_RECENT|NOEXPAND</Line>
		<Line>Item18.Command=admin</Line>
		<Line>Item18.Settings=TRACK_RECENT|ITEM_DISABLED</Line>
		<Line>Item19.Command=devices</Line>
		<Line>Item19.Settings=NOEXPAND</Line>
		<Line>Item20.Command=defaults</Line>
		<Line>Item21.Command=help</Line>
		<Line>Item22.Command=run</Line>
		<Line>Item23.Command=apps</Line>
		<Line>Item23.Settings=ITEM_DISABLED</Line>
		<Line>Item24.Command=windows_security</Line>
	</MenuItems7>
</Settings>
